Title,Price,Rating,Colors,Size,Gender,timestamp
T-shirt 2,1634400.0,3.9,3,M,Women,2026-07-16 10:53:19.867823
Hoodie 3,7950080.0,4.8,3,L,Unisex,2026-07-16 10:53:19.868278
Pants 4,7476960.0,3.3,3,XL,Men,2026-07-16 10:53:19.868698
Outerwear 5,5145440.0,3.5,3,XXL,Women,2026-07-16 10:53:19.869194
Jacket 6,2453920.0,3.3,3,S,Unisex,2026-07-16 10:53:19.869638
Crewneck 7,6892000.0,4.3,3,M,Men,2026-07-16 10:53:19.870044
T-shirt 8,7802560.0,3.1,3,L,Women,2026-07-16 10:53:19.870621
Hoodie 9,3972160.0,3.2,3,XL,Unisex,2026-07-16 10:53:19.871244
Pants 10,3100160.0,4.2,3,XXL,Men,2026-07-16 10:53:19.871892
Jacket 12,8527840.0,3.9,3,M,Unisex,2026-07-16 10:53:19.872861
Crewneck 13,5447200.0,3.2,3,L,Men,2026-07-16 10:53:19.873311
T-shirt 14,3248800.0,3.8,3,XL,Women,2026-07-16 10:53:19.873967
Hoodie 15,2184160.0,3.6,3,XXL,Unisex,2026-07-16 10:53:19.874481
Outerwear 17,841600.0,3.8,3,M,Women,2026-07-16 10:53:19.875601
Jacket 18,5500000.0,3.8,3,L,Unisex,2026-07-16 10:53:19.876039
Crewneck 19,1308960.0,3.6,3,XL,Men,2026-07-16 10:53:19.876767
T-shirt 20,1325600.0,3.4,3,XXL,Women,2026-07-16 10:53:19.877182
Pants 22,4319680.0,4.9,3,M,Men,2026-07-16 10:53:19.975731
Outerwear 23,4655840.0,3.7,3,L,Women,2026-07-16 10:53:19.976081
Jacket 24,8223520.0,3.9,3,XL,Unisex,2026-07-16 10:53:19.976356
Crewneck 25,8322559.999999999,3.3,3,XXL,Men,2026-07-16 10:53:19.976618
T-shirt 26,7292320.0,4.6,3,S,Women,2026-07-16 10:53:19.976882
Hoodie 27,3551840.0,4.8,3,M,Unisex,2026-07-16 10:53:19.977139
Pants 28,5216160.0,4.0,3,L,Men,2026-07-16 10:53:19.977410
Outerwear 29,861600.0,3.1,3,XL,Women,2026-07-16 10:53:19.977667
Jacket 30,8610240.0,3.7,3,XXL,Unisex,2026-07-16 10:53:19.977926
T-shirt 32,6657920.0,3.4,3,M,Women,2026-07-16 10:53:19.978453
Hoodie 33,7248160.0,3.5,3,L,Unisex,2026-07-16 10:53:19.978714
Pants 34,8362719.999999999,3.8,3,XL,Men,2026-07-16 10:53:19.978972
Outerwear 35,1356160.0,3.8,3,XXL,Women,2026-07-16 10:53:19.979239
Jacket 36,7249280.0,3.7,3,S,Unisex,2026-07-16 10:53:19.979506
Crewneck 37,6006080.0,4.0,3,M,Men,2026-07-16 10:53:19.979764
T-shirt 38,4866080.0,3.2,3,L,Women,2026-07-16 10:53:19.980207
Hoodie 39,6431200.0,4.6,3,XL,Unisex,2026-07-16 10:53:19.980530
Pants 40,5853600.0,3.1,3,XXL,Men,2026-07-16 10:53:19.980981
Jacket 42,6744160.0,3.7,3,M,Unisex,2026-07-16 10:53:20.067415
Crewneck 43,2909600.0,4.5,3,L,Men,2026-07-16 10:53:20.067692
T-shirt 44,3312320.0,3.0,3,XL,Women,2026-07-16 10:53:20.067964
Hoodie 45,8693120.0,4.5,3,XXL,Unisex,2026-07-16 10:53:20.068257
Outerwear 47,6364640.0,3.2,3,M,Women,2026-07-16 10:53:20.069078
Jacket 48,4994720.0,3.4,3,L,Unisex,2026-07-16 10:53:20.069385
Crewneck 49,1071200.0,4.0,3,XL,Men,2026-07-16 10:53:20.069665
T-shirt 50,5932960.0,3.1,3,XXL,Women,2026-07-16 10:53:20.069941
Pants 52,1596480.0,4.0,3,M,Men,2026-07-16 10:53:20.070495
Outerwear 53,4470880.0,4.3,3,L,Women,2026-07-16 10:53:20.070770
Jacket 54,854560.0,4.2,3,XL,Unisex,2026-07-16 10:53:20.071039
Crewneck 55,1793760.0,3.6,3,XXL,Men,2026-07-16 10:53:20.071322
T-shirt 56,4643040.0,3.8,3,S,Women,2026-07-16 10:53:20.071592
Hoodie 57,3155360.0,4.9,3,M,Unisex,2026-07-16 10:53:20.072118
Pants 58,1637760.0,4.4,3,L,Men,2026-07-16 10:53:20.072510
Outerwear 59,2254240.0,4.6,3,XL,Women,2026-07-16 10:53:20.072838
Jacket 60,3375520.0,4.2,3,XXL,Unisex,2026-07-16 10:53:20.073127
T-shirt 62,1376480.0,3.8,3,M,Women,2026-07-16 10:53:20.160137
Hoodie 63,6479200.0,3.6,3,L,Unisex,2026-07-16 10:53:20.160422
Pants 64,7728480.0,4.0,3,XL,Men,2026-07-16 10:53:20.160701
Outerwear 65,2385920.0,4.1,3,XXL,Women,2026-07-16 10:53:20.160982
Jacket 66,4353120.0,3.5,3,S,Unisex,2026-07-16 10:53:20.161274
Crewneck 67,8470720.0,3.5,3,M,Men,2026-07-16 10:53:20.161551
T-shirt 68,8025280.0,4.0,3,L,Women,2026-07-16 10:53:20.161828
Hoodie 69,1027839.9999999999,3.6,3,XL,Unisex,2026-07-16 10:53:20.162110
Pants 70,1171360.0,4.4,3,XXL,Men,2026-07-16 10:53:20.162416
Jacket 72,3776000.0,4.4,3,M,Unisex,2026-07-16 10:53:20.162980
Crewneck 73,2460320.0,3.0,3,L,Men,2026-07-16 10:53:20.163262
T-shirt 74,7704800.0,3.8,3,XL,Women,2026-07-16 10:53:20.163543
Hoodie 75,2101760.0,4.3,3,XXL,Unisex,2026-07-16 10:53:20.163818
Outerwear 77,861760.0,3.7,3,M,Women,2026-07-16 10:53:20.164397
Jacket 78,2716480.0,4.3,3,L,Unisex,2026-07-16 10:53:20.164871
Crewneck 79,3309600.0,4.6,3,XL,Men,2026-07-16 10:53:20.165168
T-shirt 80,4178399.9999999995,4.5,3,XXL,Women,2026-07-16 10:53:20.165478
Pants 82,8315520.0,4.8,3,M,Men,2026-07-16 10:53:20.404845
Outerwear 83,3947840.0,3.7,3,L,Women,2026-07-16 10:53:20.405155
Jacket 84,2826080.0,4.8,3,XL,Unisex,2026-07-16 10:53:20.405440
Crewneck 85,4564160.0,3.5,3,XXL,Men,2026-07-16 10:53:20.405717
T-shirt 86,1670880.0,3.9,3,S,Women,2026-07-16 10:53:20.405993
Hoodie 87,7870240.0,4.3,3,M,Unisex,2026-07-16 10:53:20.406275
Pants 88,7590400.0,3.1,3,L,Men,2026-07-16 10:53:20.406568
Outerwear 89,4856320.0,3.0,3,XL,Women,2026-07-16 10:53:20.406861
Jacket 90,7160000.0,4.0,3,XXL,Unisex,2026-07-16 10:53:20.407142
T-shirt 92,5012320.0,3.5,3,M,Women,2026-07-16 10:53:20.407728
Hoodie 93,1365280.0,3.6,3,L,Unisex,2026-07-16 10:53:20.408002
Pants 94,1074880.0,4.3,3,XL,Men,2026-07-16 10:53:20.408285
Outerwear 95,6062240.0,3.5,3,XXL,Women,2026-07-16 10:53:20.408588
Jacket 96,4598240.0,4.9,3,S,Unisex,2026-07-16 10:53:20.408903
Crewneck 97,6113120.0,3.9,3,M,Men,2026-07-16 10:53:20.409203
T-shirt 98,8596960.0,3.1,3,L,Women,2026-07-16 10:53:20.410111
Hoodie 99,5028000.0,3.6,3,XL,Unisex,2026-07-16 10:53:20.410516
Pants 100,2217280.0,4.6,3,XXL,Men,2026-07-16 10:53:20.410978
Jacket 102,3840640.0,3.3,3,M,Unisex,2026-07-16 10:53:20.887548
Crewneck 103,2331680.0,3.5,3,L,Men,2026-07-16 10:53:20.888179
T-shirt 104,2374400.0,3.8,3,XL,Women,2026-07-16 10:53:20.888567
Hoodie 105,5019840.0,4.2,3,XXL,Unisex,2026-07-16 10:53:20.888839
Outerwear 107,6625120.0,4.0,3,M,Women,2026-07-16 10:53:20.889411
Jacket 108,5551680.0,4.8,3,L,Unisex,2026-07-16 10:53:20.889700
Crewneck 109,5886880.0,3.3,3,XL,Men,2026-07-16 10:53:20.889971
T-shirt 110,7197120.0,4.6,3,XXL,Women,2026-07-16 10:53:20.890358
Pants 112,4261920.0,3.3,3,M,Men,2026-07-16 10:53:20.890895
Outerwear 113,4472000.0,3.7,3,L,Women,2026-07-16 10:53:20.891158
Jacket 114,5386560.0,4.9,3,XL,Unisex,2026-07-16 10:53:20.891443
Crewneck 115,1933280.0,4.5,3,XXL,Men,2026-07-16 10:53:20.891722
T-shirt 116,3474560.0,3.0,3,S,Women,2026-07-16 10:53:20.892476
Hoodie 117,3376320.0,5.0,3,M,Unisex,2026-07-16 10:53:20.893372
Pants 118,5585440.0,3.2,3,L,Men,2026-07-16 10:53:20.893923
Outerwear 119,3561760.0,3.4,3,XL,Women,2026-07-16 10:53:20.894211
Jacket 120,7480320.0,4.0,3,XXL,Unisex,2026-07-16 10:53:20.894479
T-shirt 122,1961920.0,3.6,3,M,Women,2026-07-16 10:53:21.028349
Hoodie 123,4498080.0,3.8,3,L,Unisex,2026-07-16 10:53:21.028708
Pants 124,7023520.0,3.2,3,XL,Men,2026-07-16 10:53:21.029005
Outerwear 125,6998240.0,4.2,3,XXL,Women,2026-07-16 10:53:21.029315
Jacket 126,4426080.0,3.9,3,S,Unisex,2026-07-16 10:53:21.029591
Crewneck 127,8311680.0,4.0,3,M,Men,2026-07-16 10:53:21.029865
T-shirt 128,4466720.0,3.8,3,L,Women,2026-07-16 10:53:21.030161
Hoodie 129,2532480.0,4.5,3,XL,Unisex,2026-07-16 10:53:21.030453
Pants 130,6603520.0,4.8,3,XXL,Men,2026-07-16 10:53:21.030732
Jacket 132,6474880.0,4.2,3,M,Unisex,2026-07-16 10:53:21.031291
Crewneck 133,2016320.0,4.7,3,L,Men,2026-07-16 10:53:21.031562
T-shirt 134,5937440.0,3.2,3,XL,Women,2026-07-16 10:53:21.031831
Hoodie 135,5141440.0,4.7,3,XXL,Unisex,2026-07-16 10:53:21.032100
Outerwear 137,6988320.0,4.5,3,M,Women,2026-07-16 10:53:21.032666
Jacket 138,4635520.0,3.4,3,L,Unisex,2026-07-16 10:53:21.033400
Crewneck 139,8053120.0,4.5,3,XL,Men,2026-07-16 10:53:21.033726
T-shirt 140,6811040.0,3.5,3,XXL,Women,2026-07-16 10:53:21.034008
Pants 142,2325280.0,4.9,3,M,Men,2026-07-16 10:53:21.135492
Outerwear 143,3346560.0,4.9,3,L,Women,2026-07-16 10:53:21.135787
Jacket 144,5758240.0,4.3,3,XL,Unisex,2026-07-16 10:53:21.136085
Crewneck 145,3472800.0,4.8,3,XXL,Men,2026-07-16 10:53:21.136491
T-shirt 146,7688640.0,4.3,3,S,Women,2026-07-16 10:53:21.136925
Hoodie 147,3052800.0,5.0,3,M,Unisex,2026-07-16 10:53:21.137220
Pants 148,6033440.0,4.7,3,L,Men,2026-07-16 10:53:21.137521
Outerwear 149,3105920.0,3.2,3,XL,Women,2026-07-16 10:53:21.137798
Jacket 150,1500640.0,3.6,3,XXL,Unisex,2026-07-16 10:53:21.138127
T-shirt 152,6288640.0,4.2,3,M,Women,2026-07-16 10:53:21.138704
Hoodie 153,2660640.0,4.3,3,L,Unisex,2026-07-16 10:53:21.138990
Pants 154,2337440.0,3.0,3,XL,Men,2026-07-16 10:53:21.139284
Outerwear 155,3783200.0,4.1,3,XXL,Women,2026-07-16 10:53:21.139564
Jacket 156,6645120.0,3.6,3,S,Unisex,2026-07-16 10:53:21.139851
Crewneck 157,1105760.0,4.0,3,M,Men,2026-07-16 10:53:21.140913
T-shirt 158,7321120.0,4.0,3,L,Women,2026-07-16 10:53:21.141394
Hoodie 159,2371680.0,4.9,3,XL,Unisex,2026-07-16 10:53:21.141679
Pants 160,2802880.0,3.4,3,XXL,Men,2026-07-16 10:53:21.141979
Jacket 162,1543840.0,4.5,3,M,Unisex,2026-07-16 10:53:21.230197
Crewneck 163,7861920.0,4.4,3,L,Men,2026-07-16 10:53:21.230499
T-shirt 164,3512000.0,3.9,3,XL,Women,2026-07-16 10:53:21.230777
Hoodie 165,6921280.0,4.9,3,XXL,Unisex,2026-07-16 10:53:21.231060
Outerwear 167,3273760.0,3.1,3,M,Women,2026-07-16 10:53:21.231639
Jacket 168,870400.0,4.4,3,L,Unisex,2026-07-16 10:53:21.231912
Crewneck 169,8032800.0,4.7,3,XL,Men,2026-07-16 10:53:21.232191
T-shirt 170,6677920.0,4.5,3,XXL,Women,2026-07-16 10:53:21.232473
Pants 172,1566080.0,4.9,3,M,Men,2026-07-16 10:53:21.233016
Outerwear 173,7034560.0,4.6,3,L,Women,2026-07-16 10:53:21.233301
Jacket 174,6282240.0,3.3,3,XL,Unisex,2026-07-16 10:53:21.233572
Crewneck 175,8125120.0,4.5,3,XXL,Men,2026-07-16 10:53:21.233852
T-shirt 176,6104320.0,3.6,3,S,Women,2026-07-16 10:53:21.234126
Hoodie 177,1890400.0,4.6,3,M,Unisex,2026-07-16 10:53:21.234421
Pants 178,6184160.0,3.0,3,L,Men,2026-07-16 10:53:21.234823
Outerwear 179,5816640.0,3.5,3,XL,Women,2026-07-16 10:53:21.235131
Jacket 180,5552640.0,3.9,3,XXL,Unisex,2026-07-16 10:53:21.235477
T-shirt 182,2334880.0,3.8,3,M,Women,2026-07-16 10:53:21.322562
Hoodie 183,3904640.0,3.6,3,L,Unisex,2026-07-16 10:53:21.322846
Pants 184,7759520.0,4.5,3,XL,Men,2026-07-16 10:53:21.323127
Outerwear 185,7822880.0,3.2,3,XXL,Women,2026-07-16 10:53:21.323425
Jacket 186,6940480.0,4.2,3,S,Unisex,2026-07-16 10:53:21.323709
Crewneck 187,6663520.0,3.8,3,M,Men,2026-07-16 10:53:21.324005
T-shirt 188,3927840.0,4.4,3,L,Women,2026-07-16 10:53:21.324312
Hoodie 189,1946720.0,4.0,3,XL,Unisex,2026-07-16 10:53:21.324606
Pants 190,2220960.0,4.5,3,XXL,Men,2026-07-16 10:53:21.324888
Jacket 192,5066240.0,3.8,3,M,Unisex,2026-07-16 10:53:21.325510
Crewneck 193,7355680.0,4.1,3,L,Men,2026-07-16 10:53:21.325796
T-shirt 194,2818720.0,4.9,3,XL,Women,2026-07-16 10:53:21.326075
Hoodie 195,7208960.0,4.9,3,XXL,Unisex,2026-07-16 10:53:21.326374
Outerwear 197,5681600.0,4.9,3,M,Women,2026-07-16 10:53:21.326950
Jacket 198,5435040.0,4.5,3,L,Unisex,2026-07-16 10:53:21.327428
Crewneck 199,6744320.0,3.1,3,XL,Men,2026-07-16 10:53:21.327733
T-shirt 200,6289920.0,3.5,3,XXL,Women,2026-07-16 10:53:21.328027
Pants 202,5592480.0,3.3,3,M,Men,2026-07-16 10:53:21.419624
Outerwear 203,2144000.0,3.4,3,L,Women,2026-07-16 10:53:21.419913
Jacket 204,6031040.0,3.9,3,XL,Unisex,2026-07-16 10:53:21.420217
Crewneck 205,6434880.0,3.2,3,XXL,Men,2026-07-16 10:53:21.420505
T-shirt 206,4674720.0,4.5,3,S,Women,2026-07-16 10:53:21.420791
Hoodie 207,6101440.0,3.5,3,M,Unisex,2026-07-16 10:53:21.421083
Pants 208,4637600.0,3.1,3,L,Men,2026-07-16 10:53:21.421386
Outerwear 209,7980640.0,4.3,3,XL,Women,2026-07-16 10:53:21.421664
Jacket 210,7827360.0,4.7,3,XXL,Unisex,2026-07-16 10:53:21.422031
T-shirt 212,8794880.0,4.7,3,M,Women,2026-07-16 10:53:21.422760
Hoodie 213,5748000.0,3.6,3,L,Unisex,2026-07-16 10:53:21.423036
Pants 214,4315680.0,4.9,3,XL,Men,2026-07-16 10:53:21.423320
Outerwear 215,1449600.0,3.8,3,XXL,Women,2026-07-16 10:53:21.423595
Jacket 216,4576480.0,4.6,3,S,Unisex,2026-07-16 10:53:21.423872
Crewneck 217,5772960.0,4.8,3,M,Men,2026-07-16 10:53:21.424477
T-shirt 218,5600320.0,3.1,3,L,Women,2026-07-16 10:53:21.424831
Hoodie 219,5671040.0,4.6,3,XL,Unisex,2026-07-16 10:53:21.425115
Pants 220,3357600.0,3.2,3,XXL,Men,2026-07-16 10:53:21.425419
Jacket 222,7438080.0,3.4,3,M,Unisex,2026-07-16 10:53:22.141071
Crewneck 223,952960.0,4.8,3,L,Men,2026-07-16 10:53:22.141354
T-shirt 224,3534560.0,4.5,3,XL,Women,2026-07-16 10:53:22.141635
Hoodie 225,5232800.0,3.5,3,XXL,Unisex,2026-07-16 10:53:22.141913
Outerwear 227,6742560.0,4.8,3,M,Women,2026-07-16 10:53:22.142488
Jacket 228,8076800.0,4.5,3,L,Unisex,2026-07-16 10:53:22.142768
Crewneck 229,3101920.0,4.9,3,XL,Men,2026-07-16 10:53:22.143069
T-shirt 230,7133280.0,4.5,3,XXL,Women,2026-07-16 10:53:22.143392
Pants 232,8327360.000000001,4.0,3,M,Men,2026-07-16 10:53:22.143954
Outerwear 233,847360.0,4.8,3,L,Women,2026-07-16 10:53:22.144281
Jacket 234,1159200.0,4.5,3,XL,Unisex,2026-07-16 10:53:22.144596
Crewneck 235,6560320.0,3.4,3,XXL,Men,2026-07-16 10:53:22.145011
T-shirt 236,5492320.0,3.9,3,S,Women,2026-07-16 10:53:22.145305
Hoodie 237,4743520.0,3.1,3,M,Unisex,2026-07-16 10:53:22.145780
Pants 238,8301920.0,3.8,3,L,Men,2026-07-16 10:53:22.146110
Outerwear 239,7934080.0,3.1,3,XL,Women,2026-07-16 10:53:22.146401
Jacket 240,7600000.0,3.8,3,XXL,Unisex,2026-07-16 10:53:22.146741
T-shirt 242,4833600.0,3.4,3,M,Women,2026-07-16 10:53:22.239987
Hoodie 243,3371680.0,3.1,3,L,Unisex,2026-07-16 10:53:22.240289
Pants 244,8116160.0,3.1,3,XL,Men,2026-07-16 10:53:22.240605
Outerwear 245,1451680.0,4.0,3,XXL,Women,2026-07-16 10:53:22.240901
Jacket 246,8735040.0,3.1,3,S,Unisex,2026-07-16 10:53:22.241218
Crewneck 247,8769120.0,3.0,3,M,Men,2026-07-16 10:53:22.241493
T-shirt 248,2280000.0,4.5,3,L,Women,2026-07-16 10:53:22.241795
Hoodie 249,2149440.0,4.2,3,XL,Unisex,2026-07-16 10:53:22.242092
Pants 250,4314240.0,3.1,3,XXL,Men,2026-07-16 10:53:22.242385
Jacket 252,8408480.0,3.2,3,M,Unisex,2026-07-16 10:53:22.242956
Crewneck 253,1854720.0,3.9,3,L,Men,2026-07-16 10:53:22.243244
T-shirt 254,5984160.0,3.9,3,XL,Women,2026-07-16 10:53:22.243522
Hoodie 255,3668000.0,4.1,3,XXL,Unisex,2026-07-16 10:53:22.243806
Outerwear 257,7073120.0,5.0,3,M,Women,2026-07-16 10:53:22.245008
Jacket 258,2080639.9999999998,4.7,3,L,Unisex,2026-07-16 10:53:22.245334
Crewneck 259,2275520.0,3.3,3,XL,Men,2026-07-16 10:53:22.245649
T-shirt 260,6271520.0,3.5,3,XXL,Women,2026-07-16 10:53:22.246016
Pants 262,1097760.0,3.4,3,M,Men,2026-07-16 10:53:22.338788
Outerwear 263,1878400.0,4.2,3,L,Women,2026-07-16 10:53:22.339068
Jacket 264,2063040.0,4.8,3,XL,Unisex,2026-07-16 10:53:22.339376
Crewneck 265,2483040.0,3.5,3,XXL,Men,2026-07-16 10:53:22.339660
T-shirt 266,4842080.0,4.6,3,S,Women,2026-07-16 10:53:22.340097
Hoodie 267,4086240.0,4.3,3,M,Unisex,2026-07-16 10:53:22.340589
Pants 268,5005120.0,3.6,3,L,Men,2026-07-16 10:53:22.340963
Outerwear 269,8073920.0,3.1,3,XL,Women,2026-07-16 10:53:22.341313
Jacket 270,2569120.0,4.2,3,XXL,Unisex,2026-07-16 10:53:22.341591
T-shirt 272,5811840.0,3.3,3,M,Women,2026-07-16 10:53:22.342161
Hoodie 273,5291360.0,4.9,3,L,Unisex,2026-07-16 10:53:22.342449
Pants 274,3669280.0,4.2,3,XL,Men,2026-07-16 10:53:22.342725
Outerwear 275,5575360.0,4.8,3,XXL,Women,2026-07-16 10:53:22.343015
Jacket 276,1013600.0,4.3,3,S,Unisex,2026-07-16 10:53:22.343522
Crewneck 277,2383680.0,4.7,3,M,Men,2026-07-16 10:53:22.343810
T-shirt 278,2087360.0000000002,3.8,3,L,Women,2026-07-16 10:53:22.344088
Hoodie 279,5592320.0,4.7,3,XL,Unisex,2026-07-16 10:53:22.344368
Pants 280,7501440.0,3.9,3,XXL,Men,2026-07-16 10:53:22.344640
Jacket 282,2227040.0,3.0,3,M,Unisex,2026-07-16 10:53:22.439367
Crewneck 283,6633120.0,3.2,3,L,Men,2026-07-16 10:53:22.439646
T-shirt 284,6568000.0,3.6,3,XL,Women,2026-07-16 10:53:22.439965
Hoodie 285,3009120.0,3.2,3,XXL,Unisex,2026-07-16 10:53:22.440341
Outerwear 287,5273600.0,3.7,3,M,Women,2026-07-16 10:53:22.441215
Jacket 288,3123040.0,4.1,3,L,Unisex,2026-07-16 10:53:22.441513
Crewneck 289,888000.0,4.0,3,XL,Men,2026-07-16 10:53:22.441793
T-shirt 290,6425120.0,4.2,3,XXL,Women,2026-07-16 10:53:22.442113
Pants 292,2384480.0,3.9,3,M,Men,2026-07-16 10:53:22.442709
Outerwear 293,1176160.0,4.5,3,L,Women,2026-07-16 10:53:22.442991
Jacket 294,5947200.0,3.8,3,XL,Unisex,2026-07-16 10:53:22.443282
Crewneck 295,7266720.0,4.9,3,XXL,Men,2026-07-16 10:53:22.443561
T-shirt 296,1172160.0,3.1,3,S,Women,2026-07-16 10:53:22.444019
Hoodie 297,7801120.0,3.6,3,M,Unisex,2026-07-16 10:53:22.444411
Pants 298,2426080.0,4.8,3,L,Men,2026-07-16 10:53:22.444709
Outerwear 299,1947840.0,4.3,3,XL,Women,2026-07-16 10:53:22.445075
Jacket 300,6408480.0,4.0,3,XXL,Unisex,2026-07-16 10:53:22.445415
T-shirt 302,5711200.0,3.2,3,M,Women,2026-07-16 10:53:22.533890
Hoodie 303,7974560.0,4.1,3,L,Unisex,2026-07-16 10:53:22.534171
Pants 304,7129760.0,3.4,3,XL,Men,2026-07-16 10:53:22.534460
Outerwear 305,6325440.0,4.5,3,XXL,Women,2026-07-16 10:53:22.534736
Jacket 306,7575040.0,4.2,3,S,Unisex,2026-07-16 10:53:22.535015
Crewneck 307,7735200.0,3.7,3,M,Men,2026-07-16 10:53:22.535311
T-shirt 308,4086080.0,4.1,3,L,Women,2026-07-16 10:53:22.535585
Hoodie 309,3953120.0,4.8,3,XL,Unisex,2026-07-16 10:53:22.535857
Pants 310,6329280.0,4.7,3,XXL,Men,2026-07-16 10:53:22.536131
Jacket 312,7267040.0,3.8,3,M,Unisex,2026-07-16 10:53:22.536696
Crewneck 313,1948320.0,3.1,3,L,Men,2026-07-16 10:53:22.536972
T-shirt 314,6017120.0,3.2,3,XL,Women,2026-07-16 10:53:22.537248
Hoodie 315,7022880.0,3.1,3,XXL,Unisex,2026-07-16 10:53:22.537519
Outerwear 317,5259040.0,3.3,3,M,Women,2026-07-16 10:53:22.538223
Jacket 318,5667200.0,3.7,3,L,Unisex,2026-07-16 10:53:22.538723
Crewneck 319,3085920.0,3.3,3,XL,Men,2026-07-16 10:53:22.539026
T-shirt 320,829440.0,3.3,3,XXL,Women,2026-07-16 10:53:22.539338
Pants 322,7810400.0,3.2,3,M,Men,2026-07-16 10:53:22.631335
Outerwear 323,8468000.0,3.1,3,L,Women,2026-07-16 10:53:22.631616
Jacket 324,6082720.0,3.3,3,XL,Unisex,2026-07-16 10:53:22.631895
Crewneck 325,3001760.0,3.4,3,XXL,Men,2026-07-16 10:53:22.632170
T-shirt 326,4519360.0,4.9,3,S,Women,2026-07-16 10:53:22.632455
Hoodie 327,6641440.0,4.4,3,M,Unisex,2026-07-16 10:53:22.632728
Pants 328,5732960.0,4.5,3,L,Men,2026-07-16 10:53:22.633005
Outerwear 329,6724160.0,4.7,3,XL,Women,2026-07-16 10:53:22.633301
Jacket 330,1591200.0,4.3,3,XXL,Unisex,2026-07-16 10:53:22.633573
T-shirt 332,2335680.0,3.4,3,M,Women,2026-07-16 10:53:22.634127
Hoodie 333,1746080.0,4.8,3,L,Unisex,2026-07-16 10:53:22.634417
Pants 334,2409440.0,3.8,3,XL,Men,2026-07-16 10:53:22.634690
Outerwear 335,2826720.0,3.0,3,XXL,Women,2026-07-16 10:53:22.634967
Jacket 336,6237760.0,5.0,3,S,Unisex,2026-07-16 10:53:22.635252
Crewneck 337,8608800.0,4.3,3,M,Men,2026-07-16 10:53:22.635531
T-shirt 338,2883360.0,3.9,3,L,Women,2026-07-16 10:53:22.635940
Hoodie 339,4424800.0,4.9,3,XL,Unisex,2026-07-16 10:53:22.636256
Pants 340,5975200.0,4.3,3,XXL,Men,2026-07-16 10:53:22.636537
Jacket 342,1827680.0,4.8,3,M,Unisex,2026-07-16 10:53:22.721352
Crewneck 343,2279040.0,4.1,3,L,Men,2026-07-16 10:53:22.721630
T-shirt 344,3415680.0,4.5,3,XL,Women,2026-07-16 10:53:22.721904
Hoodie 345,7577440.0,3.3,3,XXL,Unisex,2026-07-16 10:53:22.722182
Outerwear 347,6986080.0,4.7,3,M,Women,2026-07-16 10:53:22.722751
Jacket 348,3195040.0,4.6,3,L,Unisex,2026-07-16 10:53:22.723023
Crewneck 349,6085600.0,3.5,3,XL,Men,2026-07-16 10:53:22.723309
T-shirt 350,8047680.0,5.0,3,XXL,Women,2026-07-16 10:53:22.723583
Pants 352,2838880.0,4.0,3,M,Men,2026-07-16 10:53:22.724140
Outerwear 353,961600.0,3.6,3,L,Women,2026-07-16 10:53:22.724447
Jacket 354,2294720.0,3.8,3,XL,Unisex,2026-07-16 10:53:22.724769
Crewneck 355,4246560.0,3.2,3,XXL,Men,2026-07-16 10:53:22.725041
T-shirt 356,7150080.0,4.3,3,S,Women,2026-07-16 10:53:22.725338
Hoodie 357,3739360.0,3.6,3,M,Unisex,2026-07-16 10:53:22.725626
Pants 358,8479520.0,3.9,3,L,Men,2026-07-16 10:53:22.726154
Outerwear 359,1696480.0,4.3,3,XL,Women,2026-07-16 10:53:22.726601
Jacket 360,8788320.0,4.8,3,XXL,Unisex,2026-07-16 10:53:22.726904
T-shirt 362,4776800.0,5.0,3,M,Women,2026-07-16 10:53:22.819694
Hoodie 363,1171360.0,3.2,3,L,Unisex,2026-07-16 10:53:22.819980
Pants 364,4972800.0,4.8,3,XL,Men,2026-07-16 10:53:22.820268
Outerwear 365,6956480.0,4.5,3,XXL,Women,2026-07-16 10:53:22.820546
Jacket 366,5854880.0,4.9,3,S,Unisex,2026-07-16 10:53:22.820823
Crewneck 367,8359360.000000001,4.9,3,M,Men,2026-07-16 10:53:22.821098
T-shirt 368,965120.0,3.2,3,L,Women,2026-07-16 10:53:22.821383
Hoodie 369,7204960.0,4.7,3,XL,Unisex,2026-07-16 10:53:22.821659
Pants 370,4559680.0,3.6,3,XXL,Men,2026-07-16 10:53:22.821935
Jacket 372,5052960.0,3.6,3,M,Unisex,2026-07-16 10:53:22.822502
Crewneck 373,2231040.0,3.6,3,L,Men,2026-07-16 10:53:22.822778
T-shirt 374,7697120.0,3.9,3,XL,Women,2026-07-16 10:53:22.823051
Hoodie 375,7027520.0,3.9,3,XXL,Unisex,2026-07-16 10:53:22.823355
Outerwear 377,6802080.0,4.8,3,M,Women,2026-07-16 10:53:22.823938
Jacket 378,3402400.0,3.6,3,L,Unisex,2026-07-16 10:53:22.824439
Crewneck 379,3963200.0,4.4,3,XL,Men,2026-07-16 10:53:22.824843
T-shirt 380,2547040.0,3.8,3,XXL,Women,2026-07-16 10:53:22.825320
Pants 382,1356160.0,4.4,3,M,Men,2026-07-16 10:53:22.914140
Outerwear 383,3431040.0,3.4,3,L,Women,2026-07-16 10:53:22.914461
Jacket 384,1452960.0,3.3,3,XL,Unisex,2026-07-16 10:53:22.914744
Crewneck 385,7950720.0,4.9,3,XXL,Men,2026-07-16 10:53:22.915020
T-shirt 386,4793600.0,4.6,3,S,Women,2026-07-16 10:53:22.915295
Hoodie 387,8418080.0,4.2,3,M,Unisex,2026-07-16 10:53:22.915563
Pants 388,931200.0,3.1,3,L,Men,2026-07-16 10:53:22.915830
Outerwear 389,2883200.0,5.0,3,XL,Women,2026-07-16 10:53:22.916100
Jacket 390,5432960.0,3.3,3,XXL,Unisex,2026-07-16 10:53:22.916384
T-shirt 392,1226080.0,4.4,3,M,Women,2026-07-16 10:53:22.916928
Hoodie 393,4068480.0,3.2,3,L,Unisex,2026-07-16 10:53:22.917203
Pants 394,3540000.0,3.3,3,XL,Men,2026-07-16 10:53:22.917483
Outerwear 395,3098720.0,4.0,3,XXL,Women,2026-07-16 10:53:22.917756
Jacket 396,2505280.0,3.9,3,S,Unisex,2026-07-16 10:53:22.918027
Crewneck 397,855360.0,3.6,3,M,Men,2026-07-16 10:53:22.918306
T-shirt 398,4592800.0,4.7,3,L,Women,2026-07-16 10:53:22.918576
Hoodie 399,2523520.0,3.6,3,XL,Unisex,2026-07-16 10:53:22.919018
Pants 400,6020640.0,4.7,3,XXL,Men,2026-07-16 10:53:22.919410
Jacket 402,2029120.0,4.6,3,M,Unisex,2026-07-16 10:53:23.004545
Crewneck 403,1580320.0,4.1,3,L,Men,2026-07-16 10:53:23.004829
T-shirt 404,3501120.0,4.9,3,XL,Women,2026-07-16 10:53:23.005118
Hoodie 405,5080160.0,3.8,3,XXL,Unisex,2026-07-16 10:53:23.005426
Outerwear 407,2761280.0,3.7,3,M,Women,2026-07-16 10:53:23.005998
Jacket 408,4176000.0,4.9,3,L,Unisex,2026-07-16 10:53:23.006284
Crewneck 409,3221760.0,3.5,3,XL,Men,2026-07-16 10:53:23.006630
T-shirt 410,1586720.0,3.1,3,XXL,Women,2026-07-16 10:53:23.006914
Pants 412,5438240.0,4.4,3,M,Men,2026-07-16 10:53:23.007487
Outerwear 413,1306400.0,3.4,3,L,Women,2026-07-16 10:53:23.007761
Jacket 414,2234720.0,3.7,3,XL,Unisex,2026-07-16 10:53:23.008037
Crewneck 415,3617440.0,3.1,3,XXL,Men,2026-07-16 10:53:23.008351
T-shirt 416,4454080.0,3.1,3,S,Women,2026-07-16 10:53:23.008638
Hoodie 417,2769440.0,4.6,3,M,Unisex,2026-07-16 10:53:23.009370
Pants 418,6307840.0,5.0,3,L,Men,2026-07-16 10:53:23.009973
Outerwear 419,7004000.0,5.0,3,XL,Women,2026-07-16 10:53:23.010341
Jacket 420,2472640.0,3.1,3,XXL,Unisex,2026-07-16 10:53:23.010669
T-shirt 422,924320.0,3.9,3,M,Women,2026-07-16 10:53:23.098072
Hoodie 423,4601760.0,3.7,3,L,Unisex,2026-07-16 10:53:23.098372
Pants 424,3865760.0,4.4,3,XL,Men,2026-07-16 10:53:23.098654
Outerwear 425,2528480.0,4.8,3,XXL,Women,2026-07-16 10:53:23.098939
Jacket 426,3462400.0,3.4,3,S,Unisex,2026-07-16 10:53:23.099226
Crewneck 427,6375200.0,3.3,3,M,Men,2026-07-16 10:53:23.099512
T-shirt 428,7053120.0,4.9,3,L,Women,2026-07-16 10:53:23.099794
Hoodie 429,1658560.0,4.9,3,XL,Unisex,2026-07-16 10:53:23.100080
Pants 430,1442080.0,3.9,3,XXL,Men,2026-07-16 10:53:23.100437
Jacket 432,2151840.0,4.5,3,M,Unisex,2026-07-16 10:53:23.101255
Crewneck 433,3872480.0,4.2,3,L,Men,2026-07-16 10:53:23.101847
T-shirt 434,6557120.0,4.9,3,XL,Women,2026-07-16 10:53:23.102179
Hoodie 435,1015680.0,4.0,3,XXL,Unisex,2026-07-16 10:53:23.102453
Outerwear 437,1016800.0,3.9,3,M,Women,2026-07-16 10:53:23.103233
Jacket 438,2453120.0,4.5,3,L,Unisex,2026-07-16 10:53:23.103501
Crewneck 439,4005440.0,3.2,3,XL,Men,2026-07-16 10:53:23.103962
T-shirt 440,5326080.0,3.0,3,XXL,Women,2026-07-16 10:53:23.104522
Pants 442,4701600.0,4.3,3,M,Men,2026-07-16 10:53:23.198193
Outerwear 443,7262720.0,4.2,3,L,Women,2026-07-16 10:53:23.198491
Jacket 444,4016960.0,3.3,3,XL,Unisex,2026-07-16 10:53:23.198770
Crewneck 445,3574240.0,4.5,3,XXL,Men,2026-07-16 10:53:23.199049
T-shirt 446,7740160.0,3.2,3,S,Women,2026-07-16 10:53:23.199336
Hoodie 447,4748640.0,4.0,3,M,Unisex,2026-07-16 10:53:23.199612
Pants 448,820160.0,4.4,3,L,Men,2026-07-16 10:53:23.199885
Outerwear 449,6410080.0,4.0,3,XL,Women,2026-07-16 10:53:23.200167
Jacket 450,8754880.0,3.1,3,XXL,Unisex,2026-07-16 10:53:23.200458
T-shirt 452,6892800.0,4.4,3,M,Women,2026-07-16 10:53:23.201015
Hoodie 453,6576960.0,4.2,3,L,Unisex,2026-07-16 10:53:23.201305
Pants 454,2179520.0,5.0,3,XL,Men,2026-07-16 10:53:23.201581
Outerwear 455,1094080.0,4.8,3,XXL,Women,2026-07-16 10:53:23.201858
Jacket 456,8096000.0,4.1,3,S,Unisex,2026-07-16 10:53:23.202131
Crewneck 457,7342880.0,4.8,3,M,Men,2026-07-16 10:53:23.202425
T-shirt 458,4240000.0,4.4,3,L,Women,2026-07-16 10:53:23.202839
Hoodie 459,3237280.0,3.5,3,XL,Unisex,2026-07-16 10:53:23.203124
Pants 460,1880800.0,3.6,3,XXL,Men,2026-07-16 10:53:23.203449
Jacket 462,6767840.0,4.5,3,M,Unisex,2026-07-16 10:53:23.285959
Crewneck 463,7539520.0,4.5,3,L,Men,2026-07-16 10:53:23.286245
T-shirt 464,6070080.0,4.5,3,XL,Women,2026-07-16 10:53:23.286522
Hoodie 465,6164320.0,4.7,3,XXL,Unisex,2026-07-16 10:53:23.286797
Outerwear 467,1325920.0,3.5,3,M,Women,2026-07-16 10:53:23.287390
Jacket 468,4584960.0,3.7,3,L,Unisex,2026-07-16 10:53:23.287663
Crewneck 469,1738880.0,4.2,3,XL,Men,2026-07-16 10:53:23.287931
T-shirt 470,7738880.0,3.1,3,XXL,Women,2026-07-16 10:53:23.288212
Pants 472,3902080.0,3.1,3,M,Men,2026-07-16 10:53:23.288777
Outerwear 473,5478080.0,4.2,3,L,Women,2026-07-16 10:53:23.289049
Jacket 474,5864960.0,4.7,3,XL,Unisex,2026-07-16 10:53:23.289331
Crewneck 475,7017280.0,4.6,3,XXL,Men,2026-07-16 10:53:23.289616
T-shirt 476,3986240.0,4.3,3,S,Women,2026-07-16 10:53:23.289924
Hoodie 477,6626080.0,4.2,3,M,Unisex,2026-07-16 10:53:23.290245
Pants 478,4912000.0,3.8,3,L,Men,2026-07-16 10:53:23.291089
Outerwear 479,7302400.0,4.4,3,XL,Women,2026-07-16 10:53:23.291636
Jacket 480,4986240.0,4.2,3,XXL,Unisex,2026-07-16 10:53:23.291949
T-shirt 482,3352480.0,4.8,3,M,Women,2026-07-16 10:53:23.380061
Hoodie 483,4035040.0,4.2,3,L,Unisex,2026-07-16 10:53:23.380353
Pants 484,6428640.0,4.1,3,XL,Men,2026-07-16 10:53:23.380690
Outerwear 485,4044480.0,4.7,3,XXL,Women,2026-07-16 10:53:23.380975
Jacket 486,2573760.0,3.0,3,S,Unisex,2026-07-16 10:53:23.381273
Crewneck 487,6955520.0,3.7,3,M,Men,2026-07-16 10:53:23.381549
T-shirt 488,8789760.0,3.8,3,L,Women,2026-07-16 10:53:23.381838
Hoodie 489,3554560.0,5.0,3,XL,Unisex,2026-07-16 10:53:23.382140
Pants 490,7081600.0,3.1,3,XXL,Men,2026-07-16 10:53:23.382448
Jacket 492,6011840.0,3.0,3,M,Unisex,2026-07-16 10:53:23.383008
Crewneck 493,5071520.0,4.8,3,L,Men,2026-07-16 10:53:23.383299
T-shirt 494,1390080.0,3.4,3,XL,Women,2026-07-16 10:53:23.383593
Hoodie 495,1663200.0,4.5,3,XXL,Unisex,2026-07-16 10:53:23.383925
Outerwear 497,3957760.0,4.4,3,M,Women,2026-07-16 10:53:23.385219
Jacket 498,4412800.0,4.6,3,L,Unisex,2026-07-16 10:53:23.385538
Crewneck 499,7825920.0,4.1,3,XL,Men,2026-07-16 10:53:23.385844
T-shirt 500,8114400.0,4.2,3,XXL,Women,2026-07-16 10:53:23.386134
Pants 502,7132480.0,4.4,3,M,Men,2026-07-16 10:53:23.470652
Outerwear 503,4924480.0,4.8,3,L,Women,2026-07-16 10:53:23.470918
Jacket 504,8024480.0,5.0,3,XL,Unisex,2026-07-16 10:53:23.471199
Crewneck 505,8747680.0,4.3,3,XXL,Men,2026-07-16 10:53:23.471473
T-shirt 506,8572000.0,3.6,3,S,Women,2026-07-16 10:53:23.471737
Hoodie 507,6844000.0,4.7,3,M,Unisex,2026-07-16 10:53:23.472000
Pants 508,7766080.0,3.5,3,L,Men,2026-07-16 10:53:23.472276
Outerwear 509,7178400.0,3.1,3,XL,Women,2026-07-16 10:53:23.472541
Jacket 510,1562080.0,3.4,3,XXL,Unisex,2026-07-16 10:53:23.472801
T-shirt 512,4319680.0,3.7,3,M,Women,2026-07-16 10:53:23.473338
Hoodie 513,1693760.0,4.4,3,L,Unisex,2026-07-16 10:53:23.473598
Pants 514,6888960.0,3.9,3,XL,Men,2026-07-16 10:53:23.473861
Outerwear 515,7262560.0,3.1,3,XXL,Women,2026-07-16 10:53:23.474126
Jacket 516,7130720.0,3.4,3,S,Unisex,2026-07-16 10:53:23.474404
Crewneck 517,1069280.0,3.5,3,M,Men,2026-07-16 10:53:23.474667
T-shirt 518,2575680.0,4.1,3,L,Women,2026-07-16 10:53:23.474927
Hoodie 519,2236160.0,4.5,3,XL,Unisex,2026-07-16 10:53:23.475484
Pants 520,2308320.0,3.8,3,XXL,Men,2026-07-16 10:53:23.475847
Jacket 522,6292960.0,4.0,3,M,Unisex,2026-07-16 10:53:23.564379
Crewneck 523,3626720.0,4.6,3,L,Men,2026-07-16 10:53:23.564688
T-shirt 524,936000.0,3.8,3,XL,Women,2026-07-16 10:53:23.564972
Hoodie 525,7919040.0,3.6,3,XXL,Unisex,2026-07-16 10:53:23.565301
Outerwear 527,4669280.0,3.6,3,M,Women,2026-07-16 10:53:23.565955
Jacket 528,5595840.0,4.0,3,L,Unisex,2026-07-16 10:53:23.566408
Crewneck 529,1420160.0,3.2,3,XL,Men,2026-07-16 10:53:23.566716
T-shirt 530,6173760.0,3.3,3,XXL,Women,2026-07-16 10:53:23.566988
Pants 532,8391200.0,4.1,3,M,Men,2026-07-16 10:53:23.567534
Outerwear 533,3370240.0,4.2,3,L,Women,2026-07-16 10:53:23.567799
Jacket 534,3479200.0,3.7,3,XL,Unisex,2026-07-16 10:53:23.568064
Crewneck 535,3901280.0,3.7,3,XXL,Men,2026-07-16 10:53:23.568339
T-shirt 536,5092480.0,3.0,3,S,Women,2026-07-16 10:53:23.568603
Hoodie 537,8671840.0,3.1,3,M,Unisex,2026-07-16 10:53:23.569285
Pants 538,6134240.0,3.4,3,L,Men,2026-07-16 10:53:23.569617
Outerwear 539,4692640.0,4.7,3,XL,Women,2026-07-16 10:53:23.569931
Jacket 540,7051840.0,4.4,3,XXL,Unisex,2026-07-16 10:53:23.570214
T-shirt 542,4761440.0,3.5,3,M,Women,2026-07-16 10:53:23.655469
Hoodie 543,8715680.0,4.7,3,L,Unisex,2026-07-16 10:53:23.655905
Pants 544,5957760.0,3.1,3,XL,Men,2026-07-16 10:53:23.656381
Outerwear 545,3579360.0,4.0,3,XXL,Women,2026-07-16 10:53:23.656837
Jacket 546,6271520.0,3.3,3,S,Unisex,2026-07-16 10:53:23.657293
Crewneck 547,5361120.0,3.9,3,M,Men,2026-07-16 10:53:23.657739
T-shirt 548,2686240.0,4.6,3,L,Women,2026-07-16 10:53:23.658204
Hoodie 549,2687200.0,3.7,3,XL,Unisex,2026-07-16 10:53:23.658651
Pants 550,4450080.0,4.9,3,XXL,Men,2026-07-16 10:53:23.659094
Jacket 552,5380320.0,4.1,3,M,Unisex,2026-07-16 10:53:23.660242
Crewneck 553,7760800.0,3.8,3,L,Men,2026-07-16 10:53:23.660699
T-shirt 554,4001120.0,4.5,3,XL,Women,2026-07-16 10:53:23.661134
Hoodie 555,1809600.0,3.0,3,XXL,Unisex,2026-07-16 10:53:23.661603
Outerwear 557,5460480.0,3.4,3,M,Women,2026-07-16 10:53:23.662497
Jacket 558,5007040.0,4.0,3,L,Unisex,2026-07-16 10:53:23.662968
Crewneck 559,1590880.0,3.5,3,XL,Men,2026-07-16 10:53:23.663463
T-shirt 560,6885280.0,4.2,3,XXL,Women,2026-07-16 10:53:23.663903
Pants 562,3724160.0,4.5,3,M,Men,2026-07-16 10:53:23.751326
Outerwear 563,8197440.000000001,4.7,3,L,Women,2026-07-16 10:53:23.751610
Jacket 564,8319200.000000001,4.3,3,XL,Unisex,2026-07-16 10:53:23.751913
Crewneck 565,7635200.0,3.5,3,XXL,Men,2026-07-16 10:53:23.752239
T-shirt 566,2611360.0,4.6,3,S,Women,2026-07-16 10:53:23.752524
Hoodie 567,4576160.0,3.2,3,M,Unisex,2026-07-16 10:53:23.752802
Pants 568,2984160.0,3.3,3,L,Men,2026-07-16 10:53:23.753080
Outerwear 569,4966880.0,4.7,3,XL,Women,2026-07-16 10:53:23.753370
Jacket 570,4000960.0,3.9,3,XXL,Unisex,2026-07-16 10:53:23.753645
T-shirt 572,4756320.0,3.2,3,M,Women,2026-07-16 10:53:23.754227
Hoodie 573,6954080.0,4.5,3,L,Unisex,2026-07-16 10:53:23.754527
Pants 574,2424000.0,3.8,3,XL,Men,2026-07-16 10:53:23.754804
Outerwear 575,3517760.0,3.4,3,XXL,Women,2026-07-16 10:53:23.755123
Jacket 576,805600.0,3.5,3,S,Unisex,2026-07-16 10:53:23.755421
Crewneck 577,7873920.0,3.3,3,M,Men,2026-07-16 10:53:23.755702
T-shirt 578,7958880.0,4.1,3,L,Women,2026-07-16 10:53:23.756147
Hoodie 579,4428640.0,4.4,3,XL,Unisex,2026-07-16 10:53:23.756461
Pants 580,2625440.0,3.3,3,XXL,Men,2026-07-16 10:53:23.756740
Jacket 582,4112160.0,4.1,3,M,Unisex,2026-07-16 10:53:23.840701
Crewneck 583,5737760.0,4.5,3,L,Men,2026-07-16 10:53:23.840981
T-shirt 584,6964960.0,4.8,3,XL,Women,2026-07-16 10:53:23.841272
Hoodie 585,6186880.0,4.9,3,XXL,Unisex,2026-07-16 10:53:23.841569
Outerwear 587,4424960.0,4.4,3,M,Women,2026-07-16 10:53:23.842150
Jacket 588,4963040.0,4.7,3,L,Unisex,2026-07-16 10:53:23.842447
Crewneck 589,931840.0,4.7,3,XL,Men,2026-07-16 10:53:23.842736
T-shirt 590,6457120.0,3.9,3,XXL,Women,2026-07-16 10:53:23.843013
Pants 592,6805440.0,4.3,3,M,Men,2026-07-16 10:53:23.843582
Outerwear 593,7163840.0,3.9,3,L,Women,2026-07-16 10:53:23.843860
Jacket 594,8707680.0,4.2,3,XL,Unisex,2026-07-16 10:53:23.844161
Crewneck 595,3723840.0,3.5,3,XXL,Men,2026-07-16 10:53:23.844601
T-shirt 596,8290400.0,4.4,3,S,Women,2026-07-16 10:53:23.845113
Hoodie 597,7969440.0,3.3,3,M,Unisex,2026-07-16 10:53:23.845660
Pants 598,4714080.0,4.1,3,L,Men,2026-07-16 10:53:23.845991
Outerwear 599,1179040.0,3.3,3,XL,Women,2026-07-16 10:53:23.846295
Jacket 600,6414080.0,3.0,3,XXL,Unisex,2026-07-16 10:53:23.846586
T-shirt 602,2260960.0,4.4,3,M,Women,2026-07-16 10:53:23.932358
Hoodie 603,7511520.0,3.1,3,L,Unisex,2026-07-16 10:53:23.932640
Pants 604,7662240.0,4.3,3,XL,Men,2026-07-16 10:53:23.932936
Outerwear 605,1710720.0,3.7,3,XXL,Women,2026-07-16 10:53:23.933288
Jacket 606,5770720.0,4.6,3,S,Unisex,2026-07-16 10:53:23.933653
Crewneck 607,3857600.0,3.1,3,M,Men,2026-07-16 10:53:23.933948
T-shirt 608,7047840.0,4.6,3,L,Women,2026-07-16 10:53:23.934241
Hoodie 609,2956320.0,4.1,3,XL,Unisex,2026-07-16 10:53:23.934522
Pants 610,4515360.0,3.3,3,XXL,Men,2026-07-16 10:53:23.934799
Jacket 612,3202720.0,3.1,3,M,Unisex,2026-07-16 10:53:23.935386
Crewneck 613,1013920.0,3.6,3,L,Men,2026-07-16 10:53:23.935664
T-shirt 614,2428160.0,3.1,3,XL,Women,2026-07-16 10:53:23.935977
Hoodie 615,4798720.0,4.8,3,XXL,Unisex,2026-07-16 10:53:23.936331
Outerwear 617,1765920.0,4.3,3,M,Women,2026-07-16 10:53:23.937229
Jacket 618,6474080.0,3.3,3,L,Unisex,2026-07-16 10:53:23.937541
Crewneck 619,8340639.999999999,4.4,3,XL,Men,2026-07-16 10:53:23.937828
T-shirt 620,2270240.0,3.3,3,XXL,Women,2026-07-16 10:53:23.938097
Pants 622,4849600.0,3.5,3,M,Men,2026-07-16 10:53:24.023385
Outerwear 623,7299520.0,4.6,3,L,Women,2026-07-16 10:53:24.023668
Jacket 624,6943200.0,3.9,3,XL,Unisex,2026-07-16 10:53:24.023951
Crewneck 625,7826400.0,4.1,3,XXL,Men,2026-07-16 10:53:24.024255
T-shirt 626,7777440.0,4.5,3,S,Women,2026-07-16 10:53:24.024537
Hoodie 627,1232320.0,3.2,3,M,Unisex,2026-07-16 10:53:24.024816
Pants 628,8113120.0,4.3,3,L,Men,2026-07-16 10:53:24.025099
Outerwear 629,3997920.0,4.4,3,XL,Women,2026-07-16 10:53:24.025397
Jacket 630,1003680.0,3.8,3,XXL,Unisex,2026-07-16 10:53:24.025677
T-shirt 632,4314240.0,3.6,3,M,Women,2026-07-16 10:53:24.026351
Hoodie 633,3128000.0,3.1,3,L,Unisex,2026-07-16 10:53:24.026633
Pants 634,8535680.0,3.9,3,XL,Men,2026-07-16 10:53:24.026913
Outerwear 635,6897120.0,4.1,3,XXL,Women,2026-07-16 10:53:24.027200
Jacket 636,3476320.0,4.5,3,S,Unisex,2026-07-16 10:53:24.027484
Crewneck 637,6030240.0,4.0,3,M,Men,2026-07-16 10:53:24.027765
T-shirt 638,5220960.0,4.6,3,L,Women,2026-07-16 10:53:24.028453
Hoodie 639,6782720.0,4.7,3,XL,Unisex,2026-07-16 10:53:24.028933
Pants 640,3038560.0,3.8,3,XXL,Men,2026-07-16 10:53:24.029359
Jacket 642,7747360.0,4.7,3,M,Unisex,2026-07-16 10:53:24.119562
Crewneck 643,6116000.0,3.2,3,L,Men,2026-07-16 10:53:24.119986
T-shirt 644,7479360.0,4.2,3,XL,Women,2026-07-16 10:53:24.120395
Hoodie 645,3285440.0,3.3,3,XXL,Unisex,2026-07-16 10:53:24.120679
Outerwear 647,4304960.0,3.8,3,M,Women,2026-07-16 10:53:24.121263
Jacket 648,8699520.0,4.5,3,L,Unisex,2026-07-16 10:53:24.121541
Crewneck 649,8588160.0,3.2,3,XL,Men,2026-07-16 10:53:24.121813
T-shirt 650,8012800.0,3.4,3,XXL,Women,2026-07-16 10:53:24.122096
Pants 652,6084960.0,3.3,3,M,Men,2026-07-16 10:53:24.122687
Outerwear 653,2622080.0,4.0,3,L,Women,2026-07-16 10:53:24.122960
Jacket 654,4089440.0,4.7,3,XL,Unisex,2026-07-16 10:53:24.123242
Crewneck 655,1834240.0,4.1,3,XXL,Men,2026-07-16 10:53:24.123530
T-shirt 656,2538720.0,4.2,3,S,Women,2026-07-16 10:53:24.123802
Hoodie 657,8459040.0,4.8,3,M,Unisex,2026-07-16 10:53:24.124238
Pants 658,6268320.0,3.8,3,L,Men,2026-07-16 10:53:24.124622
Outerwear 659,1817920.0,3.3,3,XL,Women,2026-07-16 10:53:24.125060
Jacket 660,8715200.0,3.5,3,XXL,Unisex,2026-07-16 10:53:24.125343
T-shirt 662,1422720.0,4.5,3,M,Women,2026-07-16 10:53:24.209728
Hoodie 663,7087200.0,4.0,3,L,Unisex,2026-07-16 10:53:24.210044
Pants 664,8248639.999999999,3.5,3,XL,Men,2026-07-16 10:53:24.210403
Outerwear 665,4033600.0,3.2,3,XXL,Women,2026-07-16 10:53:24.210707
Jacket 666,4844000.0,3.9,3,S,Unisex,2026-07-16 10:53:24.210984
Crewneck 667,1756640.0,3.7,3,M,Men,2026-07-16 10:53:24.211269
T-shirt 668,5044640.0,3.7,3,L,Women,2026-07-16 10:53:24.211564
Hoodie 669,2346080.0,3.3,3,XL,Unisex,2026-07-16 10:53:24.211930
Pants 670,8406720.0,4.8,3,XXL,Men,2026-07-16 10:53:24.212389
Jacket 672,4776160.0,4.5,3,M,Unisex,2026-07-16 10:53:24.213298
Crewneck 673,2803360.0,4.7,3,L,Men,2026-07-16 10:53:24.213624
T-shirt 674,3156640.0,3.1,3,XL,Women,2026-07-16 10:53:24.213921
Hoodie 675,4314880.0,3.2,3,XXL,Unisex,2026-07-16 10:53:24.214361
Outerwear 677,4657440.0,3.3,3,M,Women,2026-07-16 10:53:24.214964
Jacket 678,2777120.0,4.3,3,L,Unisex,2026-07-16 10:53:24.215252
Crewneck 679,6373120.0,3.2,3,XL,Men,2026-07-16 10:53:24.215528
T-shirt 680,8164800.0,3.2,3,XXL,Women,2026-07-16 10:53:24.215801
Pants 682,7616480.0,3.9,3,M,Men,2026-07-16 10:53:24.302104
Outerwear 683,3907360.0,3.6,3,L,Women,2026-07-16 10:53:24.302392
Jacket 684,7102560.0,3.5,3,XL,Unisex,2026-07-16 10:53:24.302668
Crewneck 685,1495840.0,4.6,3,XXL,Men,2026-07-16 10:53:24.302940
T-shirt 686,5381760.0,3.8,3,S,Women,2026-07-16 10:53:24.303222
Hoodie 687,4220800.0,4.7,3,M,Unisex,2026-07-16 10:53:24.303496
Pants 688,1487520.0,4.4,3,L,Men,2026-07-16 10:53:24.303771
Outerwear 689,1939040.0,4.6,3,XL,Women,2026-07-16 10:53:24.304037
Jacket 690,8782560.0,4.7,3,XXL,Unisex,2026-07-16 10:53:24.304314
T-shirt 692,1416480.0,4.1,3,M,Women,2026-07-16 10:53:24.304855
Hoodie 693,3031680.0,4.1,3,L,Unisex,2026-07-16 10:53:24.305127
Pants 694,2466720.0,3.4,3,XL,Men,2026-07-16 10:53:24.305421
Outerwear 695,959360.0,3.3,3,XXL,Women,2026-07-16 10:53:24.305692
Jacket 696,5146240.0,4.2,3,S,Unisex,2026-07-16 10:53:24.305964
Crewneck 697,6545120.0,5.0,3,M,Men,2026-07-16 10:53:24.306245
T-shirt 698,2444960.0,4.1,3,L,Women,2026-07-16 10:53:24.306520
Hoodie 699,5250240.0,4.5,3,XL,Unisex,2026-07-16 10:53:24.306986
Pants 700,3526560.0,4.3,3,XXL,Men,2026-07-16 10:53:24.307304
Jacket 702,4927680.0,4.3,3,M,Unisex,2026-07-16 10:53:24.393299
Crewneck 703,2949120.0,4.2,3,L,Men,2026-07-16 10:53:24.393580
T-shirt 704,6214240.0,4.1,3,XL,Women,2026-07-16 10:53:24.393858
Hoodie 705,3042880.0,3.1,3,XXL,Unisex,2026-07-16 10:53:24.394132
Outerwear 707,7746240.0,4.4,3,M,Women,2026-07-16 10:53:24.394719
Jacket 708,8541280.0,4.3,3,L,Unisex,2026-07-16 10:53:24.395155
Crewneck 709,7022400.0,3.9,3,XL,Men,2026-07-16 10:53:24.395521
T-shirt 710,3751520.0,3.2,3,XXL,Women,2026-07-16 10:53:24.395957
Pants 712,1510400.0,4.1,3,M,Men,2026-07-16 10:53:24.396727
Outerwear 713,3142880.0,4.4,3,L,Women,2026-07-16 10:53:24.397081
Jacket 714,892320.0,3.1,3,XL,Unisex,2026-07-16 10:53:24.397377
Crewneck 715,7021760.0,3.9,3,XXL,Men,2026-07-16 10:53:24.397692
T-shirt 716,3602560.0,4.9,3,S,Women,2026-07-16 10:53:24.398305
Hoodie 717,1532800.0,3.6,3,M,Unisex,2026-07-16 10:53:24.398588
Pants 718,4057120.0,3.2,3,L,Men,2026-07-16 10:53:24.398862
Outerwear 719,3172960.0,4.7,3,XL,Women,2026-07-16 10:53:24.399125
Jacket 720,2028320.0,3.8,3,XXL,Unisex,2026-07-16 10:53:24.399391
T-shirt 722,8724320.0,3.2,3,M,Women,2026-07-16 10:53:24.489240
Hoodie 723,5664800.0,3.4,3,L,Unisex,2026-07-16 10:53:24.489522
Pants 724,4824800.0,4.7,3,XL,Men,2026-07-16 10:53:24.489801
Outerwear 725,4979200.0,3.0,3,XXL,Women,2026-07-16 10:53:24.490086
Jacket 726,6345920.0,3.5,3,S,Unisex,2026-07-16 10:53:24.490398
Crewneck 727,4024000.0,4.8,3,M,Men,2026-07-16 10:53:24.490798
T-shirt 728,8173440.0,3.0,3,L,Women,2026-07-16 10:53:24.491087
Hoodie 729,6431360.0,3.6,3,XL,Unisex,2026-07-16 10:53:24.491389
Pants 730,7228800.0,4.5,3,XXL,Men,2026-07-16 10:53:24.491663
Jacket 732,6597600.0,3.9,3,M,Unisex,2026-07-16 10:53:24.492232
Crewneck 733,1162880.0,4.7,3,L,Men,2026-07-16 10:53:24.492510
T-shirt 734,6858560.0,4.2,3,XL,Women,2026-07-16 10:53:24.492786
Hoodie 735,4664320.0,4.0,3,XXL,Unisex,2026-07-16 10:53:24.493065
Outerwear 737,1015680.0,4.7,3,M,Women,2026-07-16 10:53:24.493642
Jacket 738,1893920.0,3.7,3,L,Unisex,2026-07-16 10:53:24.494071
Crewneck 739,8072960.0,3.3,3,XL,Men,2026-07-16 10:53:24.494405
T-shirt 740,7016640.0,3.4,3,XXL,Women,2026-07-16 10:53:24.494682
Pants 742,5626080.0,3.6,3,M,Men,2026-07-16 10:53:24.585237
Outerwear 743,5678080.0,3.0,3,L,Women,2026-07-16 10:53:24.585505
Jacket 744,5175680.0,4.1,3,XL,Unisex,2026-07-16 10:53:24.585771
Crewneck 745,2882560.0,3.8,3,XXL,Men,2026-07-16 10:53:24.586038
T-shirt 746,1517440.0,5.0,3,S,Women,2026-07-16 10:53:24.586317
Hoodie 747,6326880.0,4.7,3,M,Unisex,2026-07-16 10:53:24.586584
Pants 748,3134080.0,3.7,3,L,Men,2026-07-16 10:53:24.586852
Outerwear 749,2627360.0,3.2,3,XL,Women,2026-07-16 10:53:24.587119
Jacket 750,1030400.0000000001,3.7,3,XXL,Unisex,2026-07-16 10:53:24.587400
T-shirt 752,7431520.0,3.8,3,M,Women,2026-07-16 10:53:24.587948
Hoodie 753,8137600.0,4.8,3,L,Unisex,2026-07-16 10:53:24.588220
Pants 754,7229760.0,3.1,3,XL,Men,2026-07-16 10:53:24.588497
Outerwear 755,6910400.0,4.6,3,XXL,Women,2026-07-16 10:53:24.588777
Jacket 756,7128000.0,3.1,3,S,Unisex,2026-07-16 10:53:24.589047
Crewneck 757,7582720.0,4.4,3,M,Men,2026-07-16 10:53:24.589330
T-shirt 758,6025920.0,3.1,3,L,Women,2026-07-16 10:53:24.589595
Hoodie 759,2779840.0,4.7,3,XL,Unisex,2026-07-16 10:53:24.590024
Pants 760,2191040.0,4.1,3,XXL,Men,2026-07-16 10:53:24.590363
Jacket 762,4091840.0,4.9,3,M,Unisex,2026-07-16 10:53:24.677053
Crewneck 763,5792640.0,3.9,3,L,Men,2026-07-16 10:53:24.677343
T-shirt 764,7211680.0,3.4,3,XL,Women,2026-07-16 10:53:24.677620
Hoodie 765,1343360.0,4.9,3,XXL,Unisex,2026-07-16 10:53:24.677894
Outerwear 767,4152800.0,4.5,3,M,Women,2026-07-16 10:53:24.678472
Jacket 768,5662080.0,4.9,3,L,Unisex,2026-07-16 10:53:24.678740
Crewneck 769,6294560.0,3.3,3,XL,Men,2026-07-16 10:53:24.679010
T-shirt 770,1655040.0,3.5,3,XXL,Women,2026-07-16 10:53:24.679321
Pants 772,8748160.0,3.4,3,M,Men,2026-07-16 10:53:24.679909
Outerwear 773,3393600.0,3.2,3,L,Women,2026-07-16 10:53:24.680197
Jacket 774,1485760.0,4.1,3,XL,Unisex,2026-07-16 10:53:24.680613
Crewneck 775,8189440.0,3.1,3,XXL,Men,2026-07-16 10:53:24.681082
T-shirt 776,5333120.0,3.7,3,S,Women,2026-07-16 10:53:24.681413
Hoodie 777,6104800.0,3.4,3,M,Unisex,2026-07-16 10:53:24.681997
Pants 778,6034720.0,4.2,3,L,Men,2026-07-16 10:53:24.682314
Outerwear 779,5816480.0,3.2,3,XL,Women,2026-07-16 10:53:24.682589
Jacket 780,2767520.0,3.4,3,XXL,Unisex,2026-07-16 10:53:24.682867
T-shirt 782,4117439.9999999995,4.5,3,M,Women,2026-07-16 10:53:24.768443
Hoodie 783,2510720.0,3.0,3,L,Unisex,2026-07-16 10:53:24.768727
Pants 784,5341280.0,3.0,3,XL,Men,2026-07-16 10:53:24.769011
Outerwear 785,6444480.0,4.3,3,XXL,Women,2026-07-16 10:53:24.769296
Jacket 786,6749280.0,5.0,3,S,Unisex,2026-07-16 10:53:24.769571
Crewneck 787,4593600.0,4.7,3,M,Men,2026-07-16 10:53:24.769843
T-shirt 788,3041120.0,4.7,3,L,Women,2026-07-16 10:53:24.770126
Hoodie 789,2153280.0,4.0,3,XL,Unisex,2026-07-16 10:53:24.770493
Pants 790,1708320.0,3.2,3,XXL,Men,2026-07-16 10:53:24.770801
Jacket 792,4068960.0,3.8,3,M,Unisex,2026-07-16 10:53:24.771360
Crewneck 793,8650080.0,4.0,3,L,Men,2026-07-16 10:53:24.771636
T-shirt 794,5983040.0,4.0,3,XL,Women,2026-07-16 10:53:24.771927
Hoodie 795,4209600.0,3.9,3,XXL,Unisex,2026-07-16 10:53:24.772206
Outerwear 797,2771360.0,4.9,3,M,Women,2026-07-16 10:53:24.772780
Jacket 798,4391040.0,3.4,3,L,Unisex,2026-07-16 10:53:24.773357
Crewneck 799,4048800.0,4.2,3,XL,Men,2026-07-16 10:53:24.773761
T-shirt 800,7433280.0,4.6,3,XXL,Women,2026-07-16 10:53:24.774206
Pants 802,5710240.0,4.4,3,M,Men,2026-07-16 10:53:24.866350
Outerwear 803,1875360.0,4.3,3,L,Women,2026-07-16 10:53:24.866812
Jacket 804,4459040.0,3.9,3,XL,Unisex,2026-07-16 10:53:24.867263
Crewneck 805,3266720.0,4.8,3,XXL,Men,2026-07-16 10:53:24.867546
T-shirt 806,7310560.0,3.0,3,S,Women,2026-07-16 10:53:24.867832
Hoodie 807,5016000.0,4.7,3,M,Unisex,2026-07-16 10:53:24.868101
Pants 808,8717760.0,3.2,3,L,Men,2026-07-16 10:53:24.868394
Outerwear 809,7162560.0,3.7,3,XL,Women,2026-07-16 10:53:24.868666
Jacket 810,3796640.0,4.8,3,XXL,Unisex,2026-07-16 10:53:24.868933
T-shirt 812,6406080.0,4.2,3,M,Women,2026-07-16 10:53:24.869530
Hoodie 813,4872800.0,5.0,3,L,Unisex,2026-07-16 10:53:24.869802
Pants 814,1110080.0,4.7,3,XL,Men,2026-07-16 10:53:24.870074
Outerwear 815,5985440.0,4.8,3,XXL,Women,2026-07-16 10:53:24.870354
Jacket 816,1649120.0,4.5,3,S,Unisex,2026-07-16 10:53:24.871152
Crewneck 817,8744160.0,4.4,3,M,Men,2026-07-16 10:53:24.871580
T-shirt 818,5160320.0,3.8,3,L,Women,2026-07-16 10:53:24.871977
Hoodie 819,4742400.0,4.7,3,XL,Unisex,2026-07-16 10:53:24.872329
Pants 820,6030720.0,3.4,3,XXL,Men,2026-07-16 10:53:24.872621
Jacket 822,838240.0,4.2,3,M,Unisex,2026-07-16 10:53:24.957165
Crewneck 823,6103520.0,4.7,3,L,Men,2026-07-16 10:53:24.957468
T-shirt 824,3301440.0,4.1,3,XL,Women,2026-07-16 10:53:24.957750
Hoodie 825,1058400.0,3.8,3,XXL,Unisex,2026-07-16 10:53:24.958020
Outerwear 827,7091040.0,4.8,3,M,Women,2026-07-16 10:53:24.958600
Jacket 828,2324000.0,4.6,3,L,Unisex,2026-07-16 10:53:24.958901
Crewneck 829,4630400.0,4.4,3,XL,Men,2026-07-16 10:53:24.959189
T-shirt 830,4496480.0,3.0,3,XXL,Women,2026-07-16 10:53:24.959481
Pants 832,3955360.0,4.6,3,M,Men,2026-07-16 10:53:24.960025
Outerwear 833,7101280.0,3.0,3,L,Women,2026-07-16 10:53:24.960303
Jacket 834,7223680.0,3.1,3,XL,Unisex,2026-07-16 10:53:24.960576
Crewneck 835,7143360.0,3.9,3,XXL,Men,2026-07-16 10:53:24.960848
T-shirt 836,6065440.0,4.1,3,S,Women,2026-07-16 10:53:24.961129
Hoodie 837,5532640.0,5.0,3,M,Unisex,2026-07-16 10:53:24.961433
Pants 838,2848800.0,3.1,3,L,Men,2026-07-16 10:53:24.961873
Outerwear 839,4208320.0,3.9,3,XL,Women,2026-07-16 10:53:24.962166
Jacket 840,8164640.0,3.6,3,XXL,Unisex,2026-07-16 10:53:24.962549
T-shirt 842,2859040.0,3.3,3,M,Women,2026-07-16 10:53:25.047458
Hoodie 843,2997120.0,3.6,3,L,Unisex,2026-07-16 10:53:25.047738
Pants 844,7422880.0,3.9,3,XL,Men,2026-07-16 10:53:25.048015
Outerwear 845,2023200.0,3.2,3,XXL,Women,2026-07-16 10:53:25.048346
Jacket 846,7480480.0,3.6,3,S,Unisex,2026-07-16 10:53:25.048629
Crewneck 847,4789920.0,3.7,3,M,Men,2026-07-16 10:53:25.048944
T-shirt 848,6134240.0,4.1,3,L,Women,2026-07-16 10:53:25.049235
Hoodie 849,7816160.0,3.5,3,XL,Unisex,2026-07-16 10:53:25.049523
Pants 850,4144160.0,4.2,3,XXL,Men,2026-07-16 10:53:25.049807
Jacket 852,2777280.0,4.1,3,M,Unisex,2026-07-16 10:53:25.050438
Crewneck 853,2643840.0,3.4,3,L,Men,2026-07-16 10:53:25.050721
T-shirt 854,1600000.0,4.5,3,XL,Women,2026-07-16 10:53:25.050998
Hoodie 855,3249760.0,5.0,3,XXL,Unisex,2026-07-16 10:53:25.051352
Outerwear 857,4532800.0,3.0,3,M,Women,2026-07-16 10:53:25.052132
Jacket 858,3748640.0,3.7,3,L,Unisex,2026-07-16 10:53:25.052448
Crewneck 859,6418560.0,3.0,3,XL,Men,2026-07-16 10:53:25.052734
T-shirt 860,2419360.0,4.7,3,XXL,Women,2026-07-16 10:53:25.053254
Pants 862,4131359.9999999995,3.3,3,M,Men,2026-07-16 10:53:25.139915
Outerwear 863,1071360.0,4.0,3,L,Women,2026-07-16 10:53:25.140240
Jacket 864,2168000.0,4.5,3,XL,Unisex,2026-07-16 10:53:25.140525
Crewneck 865,6805120.0,3.9,3,XXL,Men,2026-07-16 10:53:25.140822
T-shirt 866,2399040.0,3.2,3,S,Women,2026-07-16 10:53:25.141102
Hoodie 867,1303840.0,3.3,3,M,Unisex,2026-07-16 10:53:25.141395
Pants 868,7473760.0,4.6,3,L,Men,2026-07-16 10:53:25.141673
Outerwear 869,6040320.0,4.5,3,XL,Women,2026-07-16 10:53:25.141949
Jacket 870,6395040.0,3.5,3,XXL,Unisex,2026-07-16 10:53:25.142234
T-shirt 872,1343680.0,4.3,3,M,Women,2026-07-16 10:53:25.142782
Hoodie 873,8321600.0,4.8,3,L,Unisex,2026-07-16 10:53:25.143057
Pants 874,2755200.0,4.4,3,XL,Men,2026-07-16 10:53:25.143623
Outerwear 875,2506720.0,4.6,3,XXL,Women,2026-07-16 10:53:25.144318
Jacket 876,3225760.0,4.6,3,S,Unisex,2026-07-16 10:53:25.144796
Crewneck 877,4552640.0,4.6,3,M,Men,2026-07-16 10:53:25.145075
T-shirt 878,4809760.0,4.7,3,L,Women,2026-07-16 10:53:25.145360
Hoodie 879,1026880.0000000001,3.1,3,XL,Unisex,2026-07-16 10:53:25.145629
Pants 880,6497760.0,4.3,3,XXL,Men,2026-07-16 10:53:25.145891
Jacket 882,6420960.0,3.3,3,M,Unisex,2026-07-16 10:53:25.234030
Crewneck 883,5901120.0,3.6,3,L,Men,2026-07-16 10:53:25.234349
T-shirt 884,7414720.0,4.3,3,XL,Women,2026-07-16 10:53:25.234634
Hoodie 885,4760640.0,3.4,3,XXL,Unisex,2026-07-16 10:53:25.234928
Outerwear 887,7806400.0,3.8,3,M,Women,2026-07-16 10:53:25.235516
Jacket 888,7869280.0,4.2,3,L,Unisex,2026-07-16 10:53:25.235797
Crewneck 889,6333920.0,4.6,3,XL,Men,2026-07-16 10:53:25.236072
T-shirt 890,6439040.0,4.7,3,XXL,Women,2026-07-16 10:53:25.236370
Pants 892,8515360.0,4.4,3,M,Men,2026-07-16 10:53:25.236981
Outerwear 893,2673600.0,3.2,3,L,Women,2026-07-16 10:53:25.237306
Jacket 894,2946560.0,4.8,3,XL,Unisex,2026-07-16 10:53:25.237585
Crewneck 895,1126720.0,4.3,3,XXL,Men,2026-07-16 10:53:25.237932
T-shirt 896,7873760.0,4.9,3,S,Women,2026-07-16 10:53:25.238285
Hoodie 897,6077920.0,3.1,3,M,Unisex,2026-07-16 10:53:25.238838
Pants 898,8408640.0,4.1,3,L,Men,2026-07-16 10:53:25.239133
Outerwear 899,6192960.0,4.8,3,XL,Women,2026-07-16 10:53:25.239441
Jacket 900,7214240.0,3.3,3,XXL,Unisex,2026-07-16 10:53:25.239712
T-shirt 902,3164000.0,3.6,3,M,Women,2026-07-16 10:53:25.333252
Hoodie 903,2617920.0,4.1,3,L,Unisex,2026-07-16 10:53:25.333519
Pants 904,3356320.0,3.9,3,XL,Men,2026-07-16 10:53:25.333787
Outerwear 905,5027840.0,4.9,3,XXL,Women,2026-07-16 10:53:25.334053
Jacket 906,4301760.0,3.9,3,S,Unisex,2026-07-16 10:53:25.334326
Crewneck 907,8732640.0,4.9,3,M,Men,2026-07-16 10:53:25.334601
T-shirt 908,7954880.0,4.2,3,L,Women,2026-07-16 10:53:25.334911
Hoodie 909,8383840.0,3.6,3,XL,Unisex,2026-07-16 10:53:25.335203
Pants 910,2395200.0,4.7,3,XXL,Men,2026-07-16 10:53:25.335481
Jacket 912,7853280.0,4.9,3,M,Unisex,2026-07-16 10:53:25.336029
Crewneck 913,3222240.0,3.5,3,L,Men,2026-07-16 10:53:25.336301
T-shirt 914,5799200.0,4.6,3,XL,Women,2026-07-16 10:53:25.336582
Hoodie 915,2649120.0,4.2,3,XXL,Unisex,2026-07-16 10:53:25.336910
Outerwear 917,6061600.0,4.0,3,M,Women,2026-07-16 10:53:25.338144
Jacket 918,5380800.0,3.3,3,L,Unisex,2026-07-16 10:53:25.338449
Crewneck 919,8364000.0,4.7,3,XL,Men,2026-07-16 10:53:25.338722
T-shirt 920,3706080.0,3.2,3,XXL,Women,2026-07-16 10:53:25.339000
Pants 922,1210880.0,4.4,3,M,Men,2026-07-16 10:53:25.424381
Outerwear 923,2435840.0,3.7,3,L,Women,2026-07-16 10:53:25.424667
Jacket 924,3764320.0,3.8,3,XL,Unisex,2026-07-16 10:53:25.424949
Crewneck 925,7900800.0,4.5,3,XXL,Men,2026-07-16 10:53:25.425235
T-shirt 926,1911040.0,4.6,3,S,Women,2026-07-16 10:53:25.425513
Hoodie 927,7706400.0,3.5,3,M,Unisex,2026-07-16 10:53:25.425793
Pants 928,3911680.0,3.4,3,L,Men,2026-07-16 10:53:25.426106
Outerwear 929,1253440.0,3.3,3,XL,Women,2026-07-16 10:53:25.426390
Jacket 930,1741120.0,4.9,3,XXL,Unisex,2026-07-16 10:53:25.426668
T-shirt 932,5937600.0,4.2,3,M,Women,2026-07-16 10:53:25.427238
Hoodie 933,4960800.0,3.4,3,L,Unisex,2026-07-16 10:53:25.427522
Pants 934,2248160.0,3.6,3,XL,Men,2026-07-16 10:53:25.427798
Outerwear 935,6048000.0,4.1,3,XXL,Women,2026-07-16 10:53:25.428074
Jacket 936,6165440.0,3.1,3,S,Unisex,2026-07-16 10:53:25.428365
Crewneck 937,2475360.0,4.1,3,M,Men,2026-07-16 10:53:25.428739
T-shirt 938,4058400.0,3.6,3,L,Women,2026-07-16 10:53:25.429232
Hoodie 939,4466080.0,4.8,3,XL,Unisex,2026-07-16 10:53:25.429556
Pants 940,5776000.0,3.7,3,XXL,Men,2026-07-16 10:53:25.429832
Jacket 942,7972960.0,3.0,3,M,Unisex,2026-07-16 10:53:25.520412
Crewneck 943,4571040.0,4.4,3,L,Men,2026-07-16 10:53:25.520695
T-shirt 944,1578240.0,4.6,3,XL,Women,2026-07-16 10:53:25.520977
Hoodie 945,2107680.0,4.2,3,XXL,Unisex,2026-07-16 10:53:25.521278
Outerwear 947,7079680.0,4.6,3,M,Women,2026-07-16 10:53:25.521899
Jacket 948,4600480.0,3.9,3,L,Unisex,2026-07-16 10:53:25.522228
Crewneck 949,1844320.0,4.4,3,XL,Men,2026-07-16 10:53:25.522514
T-shirt 950,7691680.0,4.9,3,XXL,Women,2026-07-16 10:53:25.522788
Pants 952,7155040.0,3.7,3,M,Men,2026-07-16 10:53:25.523360
Outerwear 953,8423200.0,3.8,3,L,Women,2026-07-16 10:53:25.523635
Jacket 954,3878720.0,4.1,3,XL,Unisex,2026-07-16 10:53:25.523909
Crewneck 955,7006560.0,4.7,3,XXL,Men,2026-07-16 10:53:25.524188
T-shirt 956,4457600.0,3.1,3,S,Women,2026-07-16 10:53:25.524474
Hoodie 957,4024320.0,4.4,3,M,Unisex,2026-07-16 10:53:25.524752
Pants 958,3946240.0,4.8,3,L,Men,2026-07-16 10:53:25.525285
Outerwear 959,6828480.0,4.6,3,XL,Women,2026-07-16 10:53:25.525568
Jacket 960,5840160.0,4.5,3,XXL,Unisex,2026-07-16 10:53:25.525877
T-shirt 962,2887840.0,4.1,3,M,Women,2026-07-16 10:53:25.616578
Hoodie 963,7916160.0,4.6,3,L,Unisex,2026-07-16 10:53:25.616873
Pants 964,3885280.0,3.3,3,XL,Men,2026-07-16 10:53:25.617167
Outerwear 965,3107200.0,4.5,3,XXL,Women,2026-07-16 10:53:25.617459
Jacket 966,8499520.0,4.9,3,S,Unisex,2026-07-16 10:53:25.617745
Crewneck 967,1744000.0,3.5,3,M,Men,2026-07-16 10:53:25.618027
T-shirt 968,4045120.0,4.4,3,L,Women,2026-07-16 10:53:25.618372
Hoodie 969,4231840.0,3.8,3,XL,Unisex,2026-07-16 10:53:25.618693
Pants 970,952960.0,4.6,3,XXL,Men,2026-07-16 10:53:25.618979
Jacket 972,7272000.0,4.4,3,M,Unisex,2026-07-16 10:53:25.619595
Crewneck 973,7134400.0,3.9,3,L,Men,2026-07-16 10:53:25.619893
T-shirt 974,4769280.0,3.0,3,XL,Women,2026-07-16 10:53:25.620190
Hoodie 975,4816000.0,3.6,3,XXL,Unisex,2026-07-16 10:53:25.620516
Outerwear 977,3356000.0,3.6,3,M,Women,2026-07-16 10:53:25.621286
Jacket 978,3918240.0,3.6,3,L,Unisex,2026-07-16 10:53:25.621575
Crewneck 979,4848480.0,3.4,3,XL,Men,2026-07-16 10:53:25.621856
T-shirt 980,6544000.0,3.1,3,XXL,Women,2026-07-16 10:53:25.622116
Pants 982,7281760.0,4.9,3,M,Men,2026-07-16 10:53:25.709627
Outerwear 983,5762560.0,3.2,3,L,Women,2026-07-16 10:53:25.709914
Jacket 984,7349440.0,3.8,3,XL,Unisex,2026-07-16 10:53:25.710200
Crewneck 985,6236000.0,4.3,3,XXL,Men,2026-07-16 10:53:25.710494
T-shirt 986,6713760.0,4.5,3,S,Women,2026-07-16 10:53:25.710772
Hoodie 987,4008000.0,4.7,3,M,Unisex,2026-07-16 10:53:25.711097
Pants 988,2054239.9999999998,3.5,3,L,Men,2026-07-16 10:53:25.711405
Outerwear 989,6869440.0,4.2,3,XL,Women,2026-07-16 10:53:25.711684
Jacket 990,3327360.0,4.2,3,XXL,Unisex,2026-07-16 10:53:25.711958
T-shirt 992,4840480.0,4.9,3,M,Women,2026-07-16 10:53:25.712528
Hoodie 993,6361920.0,3.4,3,L,Unisex,2026-07-16 10:53:25.712802
Pants 994,1693760.0,4.4,3,XL,Men,2026-07-16 10:53:25.713078
Outerwear 995,8046720.0,3.2,3,XXL,Women,2026-07-16 10:53:25.713366
Jacket 996,6942400.0,4.3,3,S,Unisex,2026-07-16 10:53:25.713646
Crewneck 997,5321280.0,3.9,3,M,Men,2026-07-16 10:53:25.713924
T-shirt 998,908000.0,4.2,3,L,Women,2026-07-16 10:53:25.714365
Hoodie 999,8534240.0,4.8,3,XL,Unisex,2026-07-16 10:53:25.714661
Pants 1000,2938240.0,4.7,3,XXL,Men,2026-07-16 10:53:25.714948
